symbol,pair,contractType,deliveryDate,onboardDate,contractStatus,contractSize,marginAsset,maintMarginPercent,requiredMarginPercent,baseAsset,quoteAsset,pricePrecision,quantityPrecision,baseAssetPrecision,quotePrecision,equalQtyPrecision,maxMoveOrderLimit,triggerProtect,underlyingType,underlyingSubType,filters,orderTypes,timeInForce,liquidationFee,marketTakeBound
BTCUSD_PERP,BTCUSD,PERPETUAL,4133404800000,1597042800000,TRADING,100,BTC,2.5000,5.0000,BTC,USD,1,0,8,8,4,10000,0.0500,COIN,['PoW'],"[{'minPrice': '1000', 'maxPrice': '4520958', 'filterType': 'PRICE_FILTER', 'tickSize': '0.1'}, {'stepSize': '1', 'filterType': 'LOT_SIZE', 'maxQty': '1000000', 'minQty': '1'}, {'stepSize': '1', 'filterType': 'MARKET_LOT_SIZE', 'maxQty': '60000', 'minQty': '1'}, {'limit': 200, 'filterType': 'MAX_NUM_ORDERS'}, {'limit': 20, 'filterType': 'MAX_NUM_ALGO_ORDERS'}, {'multiplierDown': '0.9500', 'multiplierUp': '1.0500', 'multiplierDecimal': '4', 'filterType': 'PERCENT_PRICE'}]","['LIMIT', 'MARKET', 'STOP', 'STOP_MARKET', 'TAKE_PROFIT', 'TAKE_PROFIT_MARKET', 'TRAILING_STOP_MARKET']","['GTC', 'IOC', 'FOK', 'GTX']",0.015000,0.05
BTCUSD_230929,BTCUSD,CURRENT_QUARTER,1695974400000,1680249600000,TRADING,100,BTC,2.5000,5.0000,BTC,USD,1,0,8,8,4,10000,0.0500,COIN,[],"[{'minPrice': '1000', 'maxPrice': '4671848', 'filterType': 'PRICE_FILTER', 'tickSize': '0.1'}, {'stepSize': '1', 'filterType': 'LOT_SIZE', 'maxQty': '1000000', 'minQty': '1'}, {'stepSize': '1', 'filterType': 'MARKET_LOT_SIZE', 'maxQty': '1000', 'minQty': '1'}, {'limit': 200, 'filterType': 'MAX_NUM_ORDERS'}, {'limit': 20, 'filterType': 'MAX_NUM_ALGO_ORDERS'}, {'multiplierDown': '0.9500', 'multiplierUp': '1.0500', 'multiplierDecimal': '4', 'filterType': 'PERCENT_PRICE'}]","['LIMIT', 'MARKET', 'STOP', 'STOP_MARKET', 'TAKE_PROFIT', 'TAKE_PROFIT_MARKET', 'TRAILING_STOP_MARKET']","['GTC', 'IOC', 'FOK', 'GTX']",0.010000,0.05
BTCUSD_231229,BTCUSD,NEXT_QUARTER,1703836800000,1688112000000,TRADING,100,BTC,2.5000,5.0000,BTC,USD,1,0,8,8,4,10000,0.0500,COIN,[],"[{'minPrice': '1000', 'maxPrice': '4671848', 'filterType': 'PRICE_FILTER', 'tickSize': '0.1'}, {'stepSize': '1', 'filterType': 'LOT_SIZE', 'maxQty': '1000000', 'minQty': '1'}, {'stepSize': '1', 'filterType': 'MARKET_LOT_SIZE', 'maxQty': '1000', 'minQty': '1'}, {'limit': 200, 'filterType': 'MAX_NUM_ORDERS'}, {'limit': 20, 'filterType': 'MAX_NUM_ALGO_ORDERS'}, {'multiplierDown': '0.9500', 'multiplierUp': '1.0500', 'multiplierDecimal': '4', 'filterType': 'PERCENT_PRICE'}]","['LIMIT', 'MARKET', 'STOP', 'STOP_MARKET', 'TAKE_PROFIT', 'TAKE_PROFIT_MARKET', 'TRAILING_STOP_MARKET']","['GTC', 'IOC', 'FOK', 'GTX']",0.010000,0.05
ETHUSD_PERP,ETHUSD,PERPETUAL,4133404800000,1597734000000,TRADING,10,ETH,2.5000,5.0000,ETH,USD,2,0,8,8,4,10000,0.0500,COIN,['Layer-1'],"[{'minPrice': '50', 'maxPrice': '306159', 'filterType': 'PRICE_FILTER', 'tickSize': '0.01'}, {'stepSize': '1', 'filterType': 'LOT_SIZE', 'maxQty': '1000000', 'minQty': '1'}, {'stepSize': '1', 'filterType': 'MARKET_LOT_SIZE', 'maxQty': '500000', 'minQty': '1'}, {'limit': 200, 'filterType': 'MAX_NUM_ORDERS'}, {'limit': 20, 'filterType': 'MAX_NUM_ALGO_ORDERS'}, {'multiplierDown': '0.9500', 'multiplierUp': '1.0500', 'multiplierDecimal': '4', 'filterType': 'PERCENT_PRICE'}]","['LIMIT', 'MARKET', 'STOP', 'STOP_MARKET', 'TAKE_PROFIT', 'TAKE_PROFIT_MARKET', 'TRAILING_STOP_MARKET']","['GTC', 'IOC', 'FOK', 'GTX']",0.015000,0.05
ETHUSD_230929,ETHUSD,CURRENT_QUARTER,1695974400000,1680249600000,TRADING,10,ETH,2.5000,5.0000,ETH,USD,2,0,8,8,4,10000,0.0500,COIN,[],"[{'minPrice': '50', 'maxPrice': '316265', 'filterType': 'PRICE_FILTER', 'tickSize': '0.01'}, {'stepSize': '1', 'filterType': 'LOT_SIZE', 'maxQty': '1000000', 'minQty': '1'}, {'stepSize': '1', 'filterType': 'MARKET_LOT_SIZE', 'maxQty': '5000', 'minQty': '1'}, {'limit': 200, 'filterType': 'MAX_NUM_ORDERS'}, {'limit': 20, 'filterType': 'MAX_NUM_ALGO_ORDERS'}, {'multiplierDown': '0.9500', 'multiplierUp': '1.0500', 'multiplierDecimal': '4', 'filterType': 'PERCENT_PRICE'}]","['LIMIT', 'MARKET', 'STOP', 'STOP_MARKET', 'TAKE_PROFIT', 'TAKE_PROFIT_MARKET', 'TRAILING_STOP_MARKET']","['GTC', 'IOC', 'FOK', 'GTX']",0.010000,0.05
ETHUSD_231229,ETHUSD,NEXT_QUARTER,1703836800000,1688112000000,TRADING,10,ETH,2.5000,5.0000,ETH,USD,2,0,8,8,4,10000,0.0500,COIN,[],"[{'minPrice': '50', 'maxPrice': '316265', 'filterType': 'PRICE_FILTER', 'tickSize': '0.01'}, {'stepSize': '1', 'filterType': 'LOT_SIZE', 'maxQty': '1000000', 'minQty': '1'}, {'stepSize': '1', 'filterType': 'MARKET_LOT_SIZE', 'maxQty': '5000', 'minQty': '1'}, {'limit': 200, 'filterType': 'MAX_NUM_ORDERS'}, {'limit': 20, 'filterType': 'MAX_NUM_ALGO_ORDERS'}, {'multiplierDown': '0.9500', 'multiplierUp': '1.0500', 'multiplierDecimal': '4', 'filterType': 'PERCENT_PRICE'}]","['LIMIT', 'MARKET', 'STOP', 'STOP_MARKET', 'TAKE_PROFIT', 'TAKE_PROFIT_MARKET', 'TRAILING_STOP_MARKET']","['GTC', 'IOC', 'FOK', 'GTX']",0.010000,0.05
LINKUSD_PERP,LINKUSD,PERPETUAL,4133404800000,1597734000000,TRADING,10,LINK,2.5000,5.0000,LINK,USD,3,0,8,8,4,10000,0.0500,COIN,['Oracle'],"[{'minPrice': '0.500', 'maxPrice': '2650', 'filterType': 'PRICE_FILTER', 'tickSize': '0.001'}, {'stepSize': '1', 'filterType': 'LOT_SIZE', 'maxQty': '1000000', 'minQty': '1'}, {'stepSize': '1', 'filterType': 'MARKET_LOT_SIZE', 'maxQty': '25000', 'minQty': '1'}, {'limit': 200, 'filterType': 'MAX_NUM_ORDERS'}, {'limit': 20, 'filterType': 'MAX_NUM_ALGO_ORDERS'}, {'multiplierDown': '0.9500', 'multiplierUp': '1.0500', 'multiplierDecimal': '4', 'filterType': 'PERCENT_PRICE'}]","['LIMIT', 'MARKET', 'STOP', 'STOP_MARKET', 'TAKE_PROFIT', 'TAKE_PROFIT_MARKET', 'TRAILING_STOP_MARKET']","['GTC', 'IOC', 'FOK', 'GTX']",0.010000,0.05
BNBUSD_PERP,BNBUSD,PERPETUAL,4133404800000,1597993200000,TRADING,10,BNB,2.5000,5.0000,BNB,USD,3,0,8,8,4,10000,0.0500,COIN,['Layer-1'],"[{'minPrice': '7', 'maxPrice': '40227', 'filterType': 'PRICE_FILTER', 'tickSize': '0.010'}, {'stepSize': '1', 'filterType': 'LOT_SIZE', 'maxQty': '1000000', 'minQty': '1'}, {'stepSize': '1', 'filterType': 'MARKET_LOT_SIZE', 'maxQty': '25000', 'minQty': '1'}, {'limit': 200, 'filterType': 'MAX_NUM_ORDERS'}, {'limit': 20, 'filterType': 'MAX_NUM_ALGO_ORDERS'}, {'multiplierDown': '0.9500', 'multiplierUp': '1.0500', 'multiplierDecimal': '4', 'filterType': 'PERCENT_PRICE'}]","['LIMIT', 'MARKET', 'STOP', 'STOP_MARKET', 'TAKE_PROFIT', 'TAKE_PROFIT_MARKET', 'TRAILING_STOP_MARKET']","['GTC', 'IOC', 'FOK', 'GTX']",0.010000,0.05
TRXUSD_PERP,TRXUSD,PERPETUAL,4133404800000,1598338800000,TRADING,10,TRX,2.5000,5.0000,TRX,USD,5,0,8,8,4,10000,0.0500,COIN,['Layer-1'],"[{'minPrice': '0.00150', 'maxPrice': '8', 'filterType': 'PRICE_FILTER', 'tickSize': '0.00001'}, {'stepSize': '1', 'filterType': 'LOT_SIZE', 'maxQty': '1000000', 'minQty': '1'}, {'stepSize': '1', 'filterType': 'MARKET_LOT_SIZE', 'maxQty': '25000', 'minQty': '1'}, {'limit': 200, 'filterType': 'MAX_NUM_ORDERS'}, {'limit': 20, 'filterType': 'MAX_NUM_ALGO_ORDERS'}, {'multiplierDown': '0.9500', 'multiplierUp': '1.0500', 'multiplierDecimal': '4', 'filterType': 'PERCENT_PRICE'}]","['LIMIT', 'MARKET', 'STOP', 'STOP_MARKET', 'TAKE_PROFIT', 'TAKE_PROFIT_MARKET', 'TRAILING_STOP_MARKET']","['GTC', 'IOC', 'FOK', 'GTX']",0.020000,0.05
DOTUSD_PERP,DOTUSD,PERPETUAL,4133404800000,1598338800000,TRADING,10,DOT,2.5000,5.0000,DOT,USD,3,0,8,8,4,10000,0.0500,COIN,['Layer-1'],"[{'minPrice': '0.400', 'maxPrice': '2386', 'filterType': 'PRICE_FILTER', 'tickSize': '0.001'}, {'stepSize': '1', 'filterType': 'LOT_SIZE', 'maxQty': '1000000', 'minQty': '1'}, {'stepSize': '1', 'filterType': 'MARKET_LOT_SIZE', 'maxQty': '50000', 'minQty': '1'}, {'limit': 200, 'filterType': 'MAX_NUM_ORDERS'}, {'limit': 20, 'filterType': 'MAX_NUM_ALGO_ORDERS'}, {'multiplierDown': '0.9500', 'multiplierUp': '1.0500', 'multiplierDecimal': '4', 'filterType': 'PERCENT_PRICE'}]","['LIMIT', 'MARKET', 'STOP', 'STOP_MARKET', 'TAKE_PROFIT', 'TAKE_PROFIT_MARKET', 'TRAILING_STOP_MARKET']","['GTC', 'IOC', 'FOK', 'GTX']",0.010000,0.05
ADAUSD_PERP,ADAUSD,PERPETUAL,4133404800000,1598425200000,TRADING,10,ADA,2.5000,5.0000,ADA,USD,5,0,8,8,4,10000,0.0500,COIN,['Layer-1'],"[{'minPrice': '0.01700', 'maxPrice': '202', 'filterType': 'PRICE_FILTER', 'tickSize': '0.00010'}, {'stepSize': '1', 'filterType': 'LOT_SIZE', 'maxQty': '2000000', 'minQty': '1'}, {'stepSize': '1', 'filterType': 'MARKET_LOT_SIZE', 'maxQty': '25000', 'minQty': '1'}, {'limit': 200, 'filterType': 'MAX_NUM_ORDERS'}, {'limit': 20, 'filterType': 'MAX_NUM_ALGO_ORDERS'}, {'multiplierDown': '0.9500', 'multiplierUp': '1.0500', 'multiplierDecimal': '4', 'filterType': 'PERCENT_PRICE'}]","['LIMIT', 'MARKET', 'STOP', 'STOP_MARKET', 'TAKE_PROFIT', 'TAKE_PROFIT_MARKET', 'TRAILING_STOP_MARKET']","['GTC', 'IOC', 'FOK', 'GTX']",0.010000,0.05
EOSUSD_PERP,EOSUSD,PERPETUAL,4133404800000,1599375600000,TRADING,10,EOS,2.5000,5.0000,EOS,USD,3,0,8,8,4,10000,0.0500,COIN,['Layer-1'],"[{'minPrice': '0.100', 'maxPrice': '1000', 'filterType': 'PRICE_FILTER', 'tickSize': '0.001'}, {'stepSize': '1', 'filterType': 'LOT_SIZE', 'maxQty': '1000000', 'minQty': '1'}, {'stepSize': '1', 'filterType': 'MARKET_LOT_SIZE', 'maxQty': '25000', 'minQty': '1'}, {'limit': 200, 'filterType': 'MAX_NUM_ORDERS'}, {'limit': 20, 'filterType': 'MAX_NUM_ALGO_ORDERS'}, {'multiplierDown': '0.9000', 'multiplierUp': '1.1000', 'multiplierDecimal': '4', 'filterType': 'PERCENT_PRICE'}]","['LIMIT', 'MARKET', 'STOP', 'STOP_MARKET', 'TAKE_PROFIT', 'TAKE_PROFIT_MARKET', 'TRAILING_STOP_MARKET']","['GTC', 'IOC', 'FOK', 'GTX']",0.010000,0.10
LTCUSD_PERP,LTCUSD,PERPETUAL,4133404800000,1599462000000,TRADING,10,LTC,2.5000,5.0000,LTC,USD,2,0,8,8,4,10000,0.0500,COIN,['PoW'],"[{'minPrice': '3.80', 'maxPrice': '17047', 'filterType': 'PRICE_FILTER', 'tickSize': '0.01'}, {'stepSize': '1', 'filterType': 'LOT_SIZE', 'maxQty': '1000000', 'minQty': '1'}, {'stepSize': '1', 'filterType': 'MARKET_LOT_SIZE', 'maxQty': '8000', 'minQty': '1'}, {'limit': 200, 'filterType': 'MAX_NUM_ORDERS'}, {'limit': 20, 'filterType': 'MAX_NUM_ALGO_ORDERS'}, {'multiplierDown': '0.9500', 'multiplierUp': '1.0500', 'multiplierDecimal': '4', 'filterType': 'PERCENT_PRICE'}]","['LIMIT', 'MARKET', 'STOP', 'STOP_MARKET', 'TAKE_PROFIT', 'TAKE_PROFIT_MARKET', 'TRAILING_STOP_MARKET']","['GTC', 'IOC', 'FOK', 'GTX']",0.020000,0.05
BCHUSD_PERP,BCHUSD,PERPETUAL,4133404800000,1599462000000,TRADING,10,BCH,2.5000,5.0000,BCH,USD,2,0,8,8,4,10000,0.0500,COIN,['PoW'],"[{'minPrice': '14.40', 'maxPrice': '63936', 'filterType': 'PRICE_FILTER', 'tickSize': '0.01'}, {'stepSize': '1', 'filterType': 'LOT_SIZE', 'maxQty': '1000000', 'minQty': '1'}, {'stepSize': '1', 'filterType': 'MARKET_LOT_SIZE', 'maxQty': '20000', 'minQty': '1'}, {'limit': 200, 'filterType': 'MAX_NUM_ORDERS'}, {'limit': 20, 'filterType': 'MAX_NUM_ALGO_ORDERS'}, {'multiplierDown': '0.9500', 'multiplierUp': '1.0500', 'multiplierDecimal': '4', 'filterType': 'PERCENT_PRICE'}]","['LIMIT', 'MARKET', 'STOP', 'STOP_MARKET', 'TAKE_PROFIT', 'TAKE_PROFIT_MARKET', 'TRAILING_STOP_MARKET']","['GTC', 'IOC', 'FOK', 'GTX']",0.010000,0.05
XRPUSD_PERP,XRPUSD,PERPETUAL,4133404800000,1599634800000,TRADING,10,XRP,2.5000,5.0000,XRP,USD,4,0,8,8,4,10000,0.0500,COIN,['Payment'],"[{'minPrice': '0.0150', 'maxPrice': '111', 'filterType': 'PRICE_FILTER', 'tickSize': '0.0001'}, {'stepSize': '1', 'filterType': 'LOT_SIZE', 'maxQty': '200000', 'minQty': '1'}, {'stepSize': '1', 'filterType': 'MARKET_LOT_SIZE', 'maxQty': '40000', 'minQty': '1'}, {'limit': 200, 'filterType': 'MAX_NUM_ORDERS'}, {'limit': 20, 'filterType': 'MAX_NUM_ALGO_ORDERS'}, {'multiplierDown': '0.9500', 'multiplierUp': '1.0500', 'multiplierDecimal': '4', 'filterType': 'PERCENT_PRICE'}]","['LIMIT', 'MARKET', 'STOP', 'STOP_MARKET', 'TAKE_PROFIT', 'TAKE_PROFIT_MARKET', 'TRAILING_STOP_MARKET']","['GTC', 'IOC', 'FOK', 'GTX']",0.010000,0.05
ETCUSD_PERP,ETCUSD,PERPETUAL,4133404800000,1599634800000,TRADING,10,ETC,2.5000,5.0000,ETC,USD,3,0,8,8,4,10000,0.0500,COIN,['Layer-1'],"[{'minPrice': '1.200', 'maxPrice': '6392', 'filterType': 'PRICE_FILTER', 'tickSize': '0.001'}, {'stepSize': '1', 'filterType': 'LOT_SIZE', 'maxQty': '1000000', 'minQty': '1'}, {'stepSize': '1', 'filterType': 'MARKET_LOT_SIZE', 'maxQty': '5000', 'minQty': '1'}, {'limit': 200, 'filterType': 'MAX_NUM_ORDERS'}, {'limit': 20, 'filterType': 'MAX_NUM_ALGO_ORDERS'}, {'multiplierDown': '0.9000', 'multiplierUp': '1.1000', 'multiplierDecimal': '4', 'filterType': 'PERCENT_PRICE'}]","['LIMIT', 'MARKET', 'STOP', 'STOP_MARKET', 'TAKE_PROFIT', 'TAKE_PROFIT_MARKET', 'TRAILING_STOP_MARKET']","['GTC', 'IOC', 'FOK', 'GTX']",0.010000,0.10
FILUSD_PERP,FILUSD,PERPETUAL,4133404800000,1603350000000,TRADING,10,FIL,2.5000,5.0000,FIL,USD,3,0,8,8,4,10000,0.0500,COIN,['Storage'],"[{'minPrice': '0.001', 'maxPrice': '10000', 'filterType': 'PRICE_FILTER', 'tickSize': '0.001'}, {'stepSize': '1', 'filterType': 'LOT_SIZE', 'maxQty': '1000000', 'minQty': '1'}, {'stepSize': '1', 'filterType': 'MARKET_LOT_SIZE', 'maxQty': '6564', 'minQty': '1'}, {'limit': 200, 'filterType': 'MAX_NUM_ORDERS'}, {'limit': 20, 'filterType': 'MAX_NUM_ALGO_ORDERS'}, {'multiplierDown': '0.9000', 'multiplierUp': '1.1000', 'multiplierDecimal': '4', 'filterType': 'PERCENT_PRICE'}]","['LIMIT', 'MARKET', 'STOP', 'STOP_MARKET', 'TAKE_PROFIT', 'TAKE_PROFIT_MARKET', 'TRAILING_STOP_MARKET']","['GTC', 'IOC', 'FOK', 'GTX']",0.010000,0.10
EGLDUSD_PERP,EGLDUSD,PERPETUAL,4133404800000,1608534000000,TRADING,10,EGLD,2.5000,5.0000,EGLD,USD,3,0,8,8,4,10000,0.0500,COIN,['Layer-1'],"[{'minPrice': '1.840', 'maxPrice': '14473', 'filterType': 'PRICE_FILTER', 'tickSize': '0.001'}, {'stepSize': '1', 'filterType': 'LOT_SIZE', 'maxQty': '1000000', 'minQty': '1'}, {'stepSize': '1', 'filterType': 'MARKET_LOT_SIZE', 'maxQty': '1000', 'minQty': '1'}, {'limit': 200, 'filterType': 'MAX_NUM_ORDERS'}, {'limit': 20, 'filterType': 'MAX_NUM_ALGO_ORDERS'}, {'multiplierDown': '0.9000', 'multiplierUp': '1.1000', 'multiplierDecimal': '4', 'filterType': 'PERCENT_PRICE'}]","['LIMIT', 'MARKET', 'STOP', 'STOP_MARKET', 'TAKE_PROFIT', 'TAKE_PROFIT_MARKET', 'TRAILING_STOP_MARKET']","['GTC', 'IOC', 'FOK', 'GTX']",0.010000,0.10
DOGEUSD_PERP,DOGEUSD,PERPETUAL,4133404800000,1612162800000,TRADING,10,DOGE,2.5000,5.0000,DOGE,USD,6,0,8,8,4,10000,0.0500,COIN,['Meme'],"[{'minPrice': '0.002000', 'maxPrice': '30', 'filterType': 'PRICE_FILTER', 'tickSize': '0.000010'}, {'stepSize': '1', 'filterType': 'LOT_SIZE', 'maxQty': '1000000', 'minQty': '1'}, {'stepSize': '1', 'filterType': 'MARKET_LOT_SIZE', 'maxQty': '30000', 'minQty': '1'}, {'limit': 200, 'filterType': 'MAX_NUM_ORDERS'}, {'limit': 20, 'filterType': 'MAX_NUM_ALGO_ORDERS'}, {'multiplierDown': '0.9500', 'multiplierUp': '1.0500', 'multiplierDecimal': '4', 'filterType': 'PERCENT_PRICE'}]","['LIMIT', 'MARKET', 'STOP', 'STOP_MARKET', 'TAKE_PROFIT', 'TAKE_PROFIT_MARKET', 'TRAILING_STOP_MARKET']","['GTC', 'IOC', 'FOK', 'GTX']",0.017500,0.05
UNIUSD_PERP,UNIUSD,PERPETUAL,4133404800000,1618297200000,TRADING,10,UNI,2.5000,5.0000,UNI,USD,3,0,8,8,4,10000,0.0500,COIN,['DEX'],"[{'minPrice': '0.390', 'maxPrice': '10000', 'filterType': 'PRICE_FILTER', 'tickSize': '0.001'}, {'stepSize': '1', 'filterType': 'LOT_SIZE', 'maxQty': '1000000', 'minQty': '1'}, {'stepSize': '1', 'filterType': 'MARKET_LOT_SIZE', 'maxQty': '5000', 'minQty': '1'}, {'limit': 200, 'filterType': 'MAX_NUM_ORDERS'}, {'limit': 20, 'filterType': 'MAX_NUM_ALGO_ORDERS'}, {'multiplierDown': '0.9500', 'multiplierUp': '1.0500', 'multiplierDecimal': '4', 'filterType': 'PERCENT_PRICE'}]","['LIMIT', 'MARKET', 'STOP', 'STOP_MARKET', 'TAKE_PROFIT', 'TAKE_PROFIT_MARKET', 'TRAILING_STOP_MARKET']","['GTC', 'IOC', 'FOK', 'GTX']",0.010000,0.05
THETAUSD_PERP,THETAUSD,PERPETUAL,4133404800000,1618297200000,TRADING,10,THETA,2.5000,5.0000,THETA,USD,3,0,8,8,4,10000,0.0500,COIN,['NFT'],"[{'minPrice': '0.100', 'maxPrice': '10000', 'filterType': 'PRICE_FILTER', 'tickSize': '0.001'}, {'stepSize': '1', 'filterType': 'LOT_SIZE', 'maxQty': '1000000', 'minQty': '1'}, {'stepSize': '1', 'filterType': 'MARKET_LOT_SIZE', 'maxQty': '2500', 'minQty': '1'}, {'limit': 200, 'filterType': 'MAX_NUM_ORDERS'}, {'limit': 20, 'filterType': 'MAX_NUM_ALGO_ORDERS'}, {'multiplierDown': '0.9500', 'multiplierUp': '1.0500', 'multiplierDecimal': '4', 'filterType': 'PERCENT_PRICE'}]","['LIMIT', 'MARKET', 'STOP', 'STOP_MARKET', 'TAKE_PROFIT', 'TAKE_PROFIT_MARKET', 'TRAILING_STOP_MARKET']","['GTC', 'IOC', 'FOK', 'GTX']",0.010000,0.05
XLMUSD_PERP,XLMUSD,PERPETUAL,4133404800000,1618470000000,TRADING,10,XLM,2.5000,5.0000,XLM,USD,5,0,8,8,4,10000,0.0500,COIN,['Layer-2'],"[{'minPrice': '0.00700', 'maxPrice': '100', 'filterType': 'PRICE_FILTER', 'tickSize': '0.00001'}, {'stepSize': '1', 'filterType': 'LOT_SIZE', 'maxQty': '1000000', 'minQty': '1'}, {'stepSize': '1', 'filterType': 'MARKET_LOT_SIZE', 'maxQty': '5000', 'minQty': '1'}, {'limit': 200, 'filterType': 'MAX_NUM_ORDERS'}, {'limit': 20, 'filterType': 'MAX_NUM_ALGO_ORDERS'}, {'multiplierDown': '0.9500', 'multiplierUp': '1.0500', 'multiplierDecimal': '4', 'filterType': 'PERCENT_PRICE'}]","['LIMIT', 'MARKET', 'STOP', 'STOP_MARKET', 'TAKE_PROFIT', 'TAKE_PROFIT_MARKET', 'TRAILING_STOP_MARKET']","['GTC', 'IOC', 'FOK', 'GTX']",0.010000,0.05
SOLUSD_PERP,SOLUSD,PERPETUAL,4133404800000,1630479600000,TRADING,10,SOL,2.5000,5.0000,SOL,USD,3,0,8,8,4,10000,0.0500,COIN,['Layer-1'],"[{'minPrice': '0.300', 'maxPrice': '10000', 'filterType': 'PRICE_FILTER', 'tickSize': '0.001'}, {'stepSize': '1', 'filterType': 'LOT_SIZE', 'maxQty': '100000', 'minQty': '1'}, {'stepSize': '1', 'filterType': 'MARKET_LOT_SIZE', 'maxQty': '5000', 'minQty': '1'}, {'limit': 200, 'filterType': 'MAX_NUM_ORDERS'}, {'limit': 20, 'filterType': 'MAX_NUM_ALGO_ORDERS'}, {'multiplierDown': '0.9500', 'multiplierUp': '1.0500', 'multiplierDecimal': '4', 'filterType': 'PERCENT_PRICE'}]","['LIMIT', 'MARKET', 'STOP', 'STOP_MARKET', 'TAKE_PROFIT', 'TAKE_PROFIT_MARKET', 'TRAILING_STOP_MARKET']","['GTC', 'IOC', 'FOK', 'GTX']",0.025000,0.05
FTMUSD_PERP,FTMUSD,PERPETUAL,4133404800000,1635922800000,TRADING,10,FTM,2.5000,5.0000,FTM,USD,4,0,8,8,4,10000,0.0500,COIN,['Layer-1'],"[{'minPrice': '0.0001', 'maxPrice': '100', 'filterType': 'PRICE_FILTER', 'tickSize': '0.0001'}, {'stepSize': '1', 'filterType': 'LOT_SIZE', 'maxQty': '100000', 'minQty': '1'}, {'stepSize': '1', 'filterType': 'MARKET_LOT_SIZE', 'maxQty': '5000', 'minQty': '1'}, {'limit': 200, 'filterType': 'MAX_NUM_ORDERS'}, {'limit': 20, 'filterType': 'MAX_NUM_ALGO_ORDERS'}, {'multiplierDown': '0.9500', 'multiplierUp': '1.0500', 'multiplierDecimal': '4', 'filterType': 'PERCENT_PRICE'}]","['LIMIT', 'MARKET', 'STOP', 'STOP_MARKET', 'TAKE_PROFIT', 'TAKE_PROFIT_MARKET', 'TRAILING_STOP_MARKET']","['GTC', 'IOC', 'FOK', 'GTX']",0.010000,0.05
SANDUSD_PERP,SANDUSD,PERPETUAL,4133404800000,1636441200000,TRADING,10,SAND,2.5000,5.0000,SAND,USD,4,0,8,8,4,10000,0.0500,COIN,['Metaverse'],"[{'minPrice': '0.0001', 'maxPrice': '100', 'filterType': 'PRICE_FILTER', 'tickSize': '0.0001'}, {'stepSize': '1', 'filterType': 'LOT_SIZE', 'maxQty': '100000', 'minQty': '1'}, {'stepSize': '1', 'filterType': 'MARKET_LOT_SIZE', 'maxQty': '5000', 'minQty': '1'}, {'limit': 200, 'filterType': 'MAX_NUM_ORDERS'}, {'limit': 20, 'filterType': 'MAX_NUM_ALGO_ORDERS'}, {'multiplierDown': '0.9500', 'multiplierUp': '1.0500', 'multiplierDecimal': '4', 'filterType': 'PERCENT_PRICE'}]","['LIMIT', 'MARKET', 'STOP', 'STOP_MARKET', 'TAKE_PROFIT', 'TAKE_PROFIT_MARKET', 'TRAILING_STOP_MARKET']","['GTC', 'IOC', 'FOK', 'GTX']",0.010000,0.05
MANAUSD_PERP,MANAUSD,PERPETUAL,4133404800000,1637046000000,TRADING,10,MANA,2.5000,5.0000,MANA,USD,4,0,8,8,4,10000,0.0500,COIN,['Metaverse'],"[{'minPrice': '0.0001', 'maxPrice': '100', 'filterType': 'PRICE_FILTER', 'tickSize': '0.0001'}, {'stepSize': '1', 'filterType': 'LOT_SIZE', 'maxQty': '100000', 'minQty': '1'}, {'stepSize': '1', 'filterType': 'MARKET_LOT_SIZE', 'maxQty': '5000', 'minQty': '1'}, {'limit': 200, 'filterType': 'MAX_NUM_ORDERS'}, {'limit': 20, 'filterType': 'MAX_NUM_ALGO_ORDERS'}, {'multiplierDown': '0.9500', 'multiplierUp': '1.0500', 'multiplierDecimal': '4', 'filterType': 'PERCENT_PRICE'}]","['LIMIT', 'MARKET', 'STOP', 'STOP_MARKET', 'TAKE_PROFIT', 'TAKE_PROFIT_MARKET', 'TRAILING_STOP_MARKET']","['GTC', 'IOC', 'FOK', 'GTX']",0.010000,0.05
AVAXUSD_PERP,AVAXUSD,PERPETUAL,4133404800000,1637650800000,TRADING,10,AVAX,2.5000,5.0000,AVAX,USD,2,0,8,8,4,10000,0.0500,COIN,['Layer-1'],"[{'minPrice': '0.01', 'maxPrice': '100000', 'filterType': 'PRICE_FILTER', 'tickSize': '0.01'}, {'stepSize': '1', 'filterType': 'LOT_SIZE', 'maxQty': '10000', 'minQty': '1'}, {'stepSize': '1', 'filterType': 'MARKET_LOT_SIZE', 'maxQty': '10000', 'minQty': '1'}, {'limit': 200, 'filterType': 'MAX_NUM_ORDERS'}, {'limit': 20, 'filterType': 'MAX_NUM_ALGO_ORDERS'}, {'multiplierDown': '0.9500', 'multiplierUp': '1.0500', 'multiplierDecimal': '4', 'filterType': 'PERCENT_PRICE'}]","['LIMIT', 'MARKET', 'STOP', 'STOP_MARKET', 'TAKE_PROFIT', 'TAKE_PROFIT_MARKET', 'TRAILING_STOP_MARKET']","['GTC', 'IOC', 'FOK', 'GTX']",0.010000,0.05
GALAUSD_PERP,GALAUSD,PERPETUAL DELIVERING,1672045200000,1638342000000,DELIVERING,10,GALA,2.5000,5.0000,GALA,USD,5,0,8,8,4,10000,0.0500,COIN,['Metaverse'],"[{'minPrice': '0.00001', 'maxPrice': '5', 'filterType': 'PRICE_FILTER', 'tickSize': '0.00001'}, {'stepSize': '1', 'filterType': 'LOT_SIZE', 'maxQty': '100000', 'minQty': '1'}, {'stepSize': '1', 'filterType': 'MARKET_LOT_SIZE', 'maxQty': '5000', 'minQty': '1'}, {'limit': 200, 'filterType': 'MAX_NUM_ORDERS'}, {'limit': 20, 'filterType': 'MAX_NUM_ALGO_ORDERS'}, {'multiplierDown': '0.9500', 'multiplierUp': '1.0500', 'multiplierDecimal': '4', 'filterType': 'PERCENT_PRICE'}]","['LIMIT', 'MARKET', 'STOP', 'STOP_MARKET', 'TAKE_PROFIT', 'TAKE_PROFIT_MARKET', 'TRAILING_STOP_MARKET']","['GTC', 'IOC', 'FOK', 'GTX']",0.025000,0.05
MATICUSD_PERP,MATICUSD,PERPETUAL,4133404800000,1638860400000,TRADING,10,MATIC,2.5000,5.0000,MATIC,USD,4,0,8,8,4,10000,0.0500,COIN,['Layer-2'],"[{'minPrice': '0.0001', 'maxPrice': '1000', 'filterType': 'PRICE_FILTER', 'tickSize': '0.0001'}, {'stepSize': '1', 'filterType': 'LOT_SIZE', 'maxQty': '100000', 'minQty': '1'}, {'stepSize': '1', 'filterType': 'MARKET_LOT_SIZE', 'maxQty': '5000', 'minQty': '1'}, {'limit': 200, 'filterType': 'MAX_NUM_ORDERS'}, {'limit': 20, 'filterType': 'MAX_NUM_ALGO_ORDERS'}, {'multiplierDown': '0.9500', 'multiplierUp': '1.0500', 'multiplierDecimal': '4', 'filterType': 'PERCENT_PRICE'}]","['LIMIT', 'MARKET', 'STOP', 'STOP_MARKET', 'TAKE_PROFIT', 'TAKE_PROFIT_MARKET', 'TRAILING_STOP_MARKET']","['GTC', 'IOC', 'FOK', 'GTX']",0.010000,0.05
NEARUSD_PERP,NEARUSD,PERPETUAL,4133404800000,1639378800000,TRADING,10,NEAR,2.5000,5.0000,NEAR,USD,3,0,8,8,4,10000,0.0500,COIN,['Layer-2'],"[{'minPrice': '0.010', 'maxPrice': '10000', 'filterType': 'PRICE_FILTER', 'tickSize': '0.001'}, {'stepSize': '1', 'filterType': 'LOT_SIZE', 'maxQty': '100000', 'minQty': '1'}, {'stepSize': '1', 'filterType': 'MARKET_LOT_SIZE', 'maxQty': '5000', 'minQty': '1'}, {'limit': 200, 'filterType': 'MAX_NUM_ORDERS'}, {'limit': 20, 'filterType': 'MAX_NUM_ALGO_ORDERS'}, {'multiplierDown': '0.9500', 'multiplierUp': '1.0500', 'multiplierDecimal': '4', 'filterType': 'PERCENT_PRICE'}]","['LIMIT', 'MARKET', 'STOP', 'STOP_MARKET', 'TAKE_PROFIT', 'TAKE_PROFIT_MARKET', 'TRAILING_STOP_MARKET']","['GTC', 'IOC', 'FOK', 'GTX']",0.010000,0.05
ATOMUSD_PERP,ATOMUSD,PERPETUAL,4133404800000,1640156400000,TRADING,10,ATOM,2.5000,5.0000,ATOM,USD,3,0,8,8,4,10000,0.0500,COIN,['Layer-1'],"[{'minPrice': '0.001', 'maxPrice': '10000', 'filterType': 'PRICE_FILTER', 'tickSize': '0.001'}, {'stepSize': '1', 'filterType': 'LOT_SIZE', 'maxQty': '100000', 'minQty': '1'}, {'stepSize': '1', 'filterType': 'MARKET_LOT_SIZE', 'maxQty': '5000', 'minQty': '1'}, {'limit': 200, 'filterType': 'MAX_NUM_ORDERS'}, {'limit': 20, 'filterType': 'MAX_NUM_ALGO_ORDERS'}, {'multiplierDown': '0.9500', 'multiplierUp': '1.0500', 'multiplierDecimal': '4', 'filterType': 'PERCENT_PRICE'}]","['LIMIT', 'MARKET', 'STOP', 'STOP_MARKET', 'TAKE_PROFIT', 'TAKE_PROFIT_MARKET', 'TRAILING_STOP_MARKET']","['GTC', 'IOC', 'FOK', 'GTX']",0.010000,0.05
AAVEUSD_PERP,AAVEUSD,PERPETUAL,4133404800000,1640674800000,TRADING,10,AAVE,2.5000,5.0000,AAVE,USD,3,0,8,8,4,10000,0.0500,COIN,['DeFi'],"[{'minPrice': '0.100', 'maxPrice': '10000', 'filterType': 'PRICE_FILTER', 'tickSize': '0.010'}, {'stepSize': '1', 'filterType': 'LOT_SIZE', 'maxQty': '100000', 'minQty': '1'}, {'stepSize': '1', 'filterType': 'MARKET_LOT_SIZE', 'maxQty': '5000', 'minQty': '1'}, {'limit': 200, 'filterType': 'MAX_NUM_ORDERS'}, {'limit': 20, 'filterType': 'MAX_NUM_ALGO_ORDERS'}, {'multiplierDown': '0.9500', 'multiplierUp': '1.0500', 'multiplierDecimal': '4', 'filterType': 'PERCENT_PRICE'}]","['LIMIT', 'MARKET', 'STOP', 'STOP_MARKET', 'TAKE_PROFIT', 'TAKE_PROFIT_MARKET', 'TRAILING_STOP_MARKET']","['GTC', 'IOC', 'FOK', 'GTX']",0.010000,0.05
AXSUSD_PERP,AXSUSD,PERPETUAL,4133404800000,1641884400000,TRADING,10,AXS,2.5000,5.0000,AXS,USD,4,0,8,8,4,10000,0.0500,COIN,['Metaverse'],"[{'minPrice': '0.1000', 'maxPrice': '100000', 'filterType': 'PRICE_FILTER', 'tickSize': '0.0010'}, {'stepSize': '1', 'filterType': 'LOT_SIZE', 'maxQty': '100000', 'minQty': '1'}, {'stepSize': '1', 'filterType': 'MARKET_LOT_SIZE', 'maxQty': '5000', 'minQty': '1'}, {'limit': 200, 'filterType': 'MAX_NUM_ORDERS'}, {'limit': 20, 'filterType': 'MAX_NUM_ALGO_ORDERS'}, {'multiplierDown': '0.9500', 'multiplierUp': '1.0500', 'multiplierDecimal': '4', 'filterType': 'PERCENT_PRICE'}]","['LIMIT', 'MARKET', 'STOP', 'STOP_MARKET', 'TAKE_PROFIT', 'TAKE_PROFIT_MARKET', 'TRAILING_STOP_MARKET']","['GTC', 'IOC', 'FOK', 'GTX']",0.010000,0.05
ROSEUSD_PERP,ROSEUSD,PERPETUAL,4133404800000,1642402800000,TRADING,10,ROSE,2.5000,5.0000,ROSE,USD,5,0,8,8,4,10000,0.0500,COIN,['Layer-1'],"[{'minPrice': '0.00010', 'maxPrice': '10000', 'filterType': 'PRICE_FILTER', 'tickSize': '0.00001'}, {'stepSize': '1', 'filterType': 'LOT_SIZE', 'maxQty': '100000', 'minQty': '1'}, {'stepSize': '1', 'filterType': 'MARKET_LOT_SIZE', 'maxQty': '5000', 'minQty': '1'}, {'limit': 200, 'filterType': 'MAX_NUM_ORDERS'}, {'limit': 20, 'filterType': 'MAX_NUM_ALGO_ORDERS'}, {'multiplierDown': '0.9500', 'multiplierUp': '1.0500', 'multiplierDecimal': '4', 'filterType': 'PERCENT_PRICE'}]","['LIMIT', 'MARKET', 'STOP', 'STOP_MARKET', 'TAKE_PROFIT', 'TAKE_PROFIT_MARKET', 'TRAILING_STOP_MARKET']","['GTC', 'IOC', 'FOK', 'GTX']",0.010000,0.05
XTZUSD_PERP,XTZUSD,PERPETUAL,4133404800000,1644822000000,TRADING,10,XTZ,2.5000,5.0000,XTZ,USD,4,0,8,8,4,10000,0.0500,COIN,['Layer-1'],"[{'minPrice': '0.0010', 'maxPrice': '100000', 'filterType': 'PRICE_FILTER', 'tickSize': '0.0001'}, {'stepSize': '1', 'filterType': 'LOT_SIZE', 'maxQty': '100000', 'minQty': '1'}, {'stepSize': '1', 'filterType': 'MARKET_LOT_SIZE', 'maxQty': '5000', 'minQty': '1'}, {'limit': 200, 'filterType': 'MAX_NUM_ORDERS'}, {'limit': 20, 'filterType': 'MAX_NUM_ALGO_ORDERS'}, {'multiplierDown': '0.9500', 'multiplierUp': '1.0500', 'multiplierDecimal': '4', 'filterType': 'PERCENT_PRICE'}]","['LIMIT', 'MARKET', 'STOP', 'STOP_MARKET', 'TAKE_PROFIT', 'TAKE_PROFIT_MARKET', 'TRAILING_STOP_MARKET']","['GTC', 'IOC', 'FOK', 'GTX']",0.010000,0.05
ICXUSD_PERP,ICXUSD,PERPETUAL,4133404800000,1646982000000,TRADING,10,ICX,2.5000,5.0000,ICX,USD,4,0,8,8,4,10000,0.0500,COIN,[],"[{'minPrice': '0.0010', 'maxPrice': '100', 'filterType': 'PRICE_FILTER', 'tickSize': '0.0001'}, {'stepSize': '1', 'filterType': 'LOT_SIZE', 'maxQty': '100000', 'minQty': '1'}, {'stepSize': '1', 'filterType': 'MARKET_LOT_SIZE', 'maxQty': '1000', 'minQty': '1'}, {'limit': 200, 'filterType': 'MAX_NUM_ORDERS'}, {'limit': 20, 'filterType': 'MAX_NUM_ALGO_ORDERS'}, {'multiplierDown': '0.9500', 'multiplierUp': '1.0500', 'multiplierDecimal': '4', 'filterType': 'PERCENT_PRICE'}]","['LIMIT', 'MARKET', 'STOP', 'STOP_MARKET', 'TAKE_PROFIT', 'TAKE_PROFIT_MARKET', 'TRAILING_STOP_MARKET']","['GTC', 'IOC', 'FOK', 'GTX']",0.010000,0.05
ALGOUSD_PERP,ALGOUSD,PERPETUAL,4133404800000,1646982000000,TRADING,10,ALGO,2.5000,5.0000,ALGO,USD,4,0,8,8,4,10000,0.0500,COIN,[],"[{'minPrice': '0.0010', 'maxPrice': '100', 'filterType': 'PRICE_FILTER', 'tickSize': '0.0001'}, {'stepSize': '1', 'filterType': 'LOT_SIZE', 'maxQty': '100000', 'minQty': '1'}, {'stepSize': '1', 'filterType': 'MARKET_LOT_SIZE', 'maxQty': '5000', 'minQty': '1'}, {'limit': 200, 'filterType': 'MAX_NUM_ORDERS'}, {'limit': 20, 'filterType': 'MAX_NUM_ALGO_ORDERS'}, {'multiplierDown': '0.9500', 'multiplierUp': '1.0500', 'multiplierDecimal': '4', 'filterType': 'PERCENT_PRICE'}]","['LIMIT', 'MARKET', 'STOP', 'STOP_MARKET', 'TAKE_PROFIT', 'TAKE_PROFIT_MARKET', 'TRAILING_STOP_MARKET']","['GTC', 'IOC', 'FOK', 'GTX']",0.010000,0.05
RUNEUSD_PERP,RUNEUSD,PERPETUAL,4133404800000,1647932400000,TRADING,10,RUNE,2.5000,5.0000,RUNE,USD,4,0,8,8,4,10000,0.0500,COIN,['DEX'],"[{'minPrice': '0.0010', 'maxPrice': '100', 'filterType': 'PRICE_FILTER', 'tickSize': '0.0010'}, {'stepSize': '1', 'filterType': 'LOT_SIZE', 'maxQty': '100000', 'minQty': '1'}, {'stepSize': '1', 'filterType': 'MARKET_LOT_SIZE', 'maxQty': '2000', 'minQty': '1'}, {'limit': 200, 'filterType': 'MAX_NUM_ORDERS'}, {'limit': 20, 'filterType': 'MAX_NUM_ALGO_ORDERS'}, {'multiplierDown': '0.9500', 'multiplierUp': '1.0500', 'multiplierDecimal': '4', 'filterType': 'PERCENT_PRICE'}]","['LIMIT', 'MARKET', 'STOP', 'STOP_MARKET', 'TAKE_PROFIT', 'TAKE_PROFIT_MARKET', 'TRAILING_STOP_MARKET']","['GTC', 'IOC', 'FOK', 'GTX']",0.010000,0.05
APEUSD_PERP,APEUSD,PERPETUAL,4133404800000,1648191600000,TRADING,10,APE,2.5000,5.0000,APE,USD,4,0,8,8,4,10000,0.0500,COIN,['NFT'],"[{'minPrice': '0.0010', 'maxPrice': '100', 'filterType': 'PRICE_FILTER', 'tickSize': '0.0010'}, {'stepSize': '1', 'filterType': 'LOT_SIZE', 'maxQty': '100000', 'minQty': '1'}, {'stepSize': '1', 'filterType': 'MARKET_LOT_SIZE', 'maxQty': '5000', 'minQty': '1'}, {'limit': 200, 'filterType': 'MAX_NUM_ORDERS'}, {'limit': 20, 'filterType': 'MAX_NUM_ALGO_ORDERS'}, {'multiplierDown': '0.9500', 'multiplierUp': '1.0500', 'multiplierDecimal': '4', 'filterType': 'PERCENT_PRICE'}]","['LIMIT', 'MARKET', 'STOP', 'STOP_MARKET', 'TAKE_PROFIT', 'TAKE_PROFIT_MARKET', 'TRAILING_STOP_MARKET']","['GTC', 'IOC', 'FOK', 'GTX']",0.010000,0.05
VETUSD_PERP,VETUSD,PERPETUAL DELIVERING,1672045200000,1648537200000,DELIVERING,10,VET,2.5000,5.0000,VET,USD,6,0,8,8,4,10000,0.0500,COIN,['Layer-1'],"[{'minPrice': '0.000010', 'maxPrice': '10000', 'filterType': 'PRICE_FILTER', 'tickSize': '0.000010'}, {'stepSize': '1', 'filterType': 'LOT_SIZE', 'maxQty': '100000', 'minQty': '1'}, {'stepSize': '1', 'filterType': 'MARKET_LOT_SIZE', 'maxQty': '150', 'minQty': '1'}, {'limit': 200, 'filterType': 'MAX_NUM_ORDERS'}, {'limit': 20, 'filterType': 'MAX_NUM_ALGO_ORDERS'}, {'multiplierDown': '0.9500', 'multiplierUp': '1.0500', 'multiplierDecimal': '4', 'filterType': 'PERCENT_PRICE'}]","['LIMIT', 'MARKET', 'STOP', 'STOP_MARKET', 'TAKE_PROFIT', 'TAKE_PROFIT_MARKET', 'TRAILING_STOP_MARKET']","['GTC', 'IOC', 'FOK', 'GTX']",0.010000,0.05
ZILUSD_PERP,ZILUSD,PERPETUAL DELIVERING,1672045200000,1649228400000,DELIVERING,10,ZIL,2.5000,5.0000,ZIL,USD,6,0,8,8,4,10000,0.1200,COIN,['Layer-1'],"[{'minPrice': '0.000010', 'maxPrice': '10000', 'filterType': 'PRICE_FILTER', 'tickSize': '0.000010'}, {'stepSize': '1', 'filterType': 'LOT_SIZE', 'maxQty': '100000', 'minQty': '1'}, {'stepSize': '1', 'filterType': 'MARKET_LOT_SIZE', 'maxQty': '1000', 'minQty': '1'}, {'limit': 200, 'filterType': 'MAX_NUM_ORDERS'}, {'limit': 20, 'filterType': 'MAX_NUM_ALGO_ORDERS'}, {'multiplierDown': '0.8800', 'multiplierUp': '1.1200', 'multiplierDecimal': '4', 'filterType': 'PERCENT_PRICE'}]","['LIMIT', 'MARKET', 'STOP', 'STOP_MARKET', 'TAKE_PROFIT', 'TAKE_PROFIT_MARKET', 'TRAILING_STOP_MARKET']","['GTC', 'IOC', 'FOK', 'GTX']",0.020000,0.12
KNCUSD_PERP,KNCUSD,PERPETUAL,4133404800000,1650697200000,TRADING,10,KNC,2.5000,5.0000,KNC,USD,5,0,8,8,4,10000,0.0500,COIN,['DeFi'],"[{'minPrice': '0.00100', 'maxPrice': '1000', 'filterType': 'PRICE_FILTER', 'tickSize': '0.00010'}, {'stepSize': '1', 'filterType': 'LOT_SIZE', 'maxQty': '100000', 'minQty': '1'}, {'stepSize': '1', 'filterType': 'MARKET_LOT_SIZE', 'maxQty': '1500', 'minQty': '1'}, {'limit': 200, 'filterType': 'MAX_NUM_ORDERS'}, {'limit': 20, 'filterType': 'MAX_NUM_ALGO_ORDERS'}, {'multiplierDown': '0.9500', 'multiplierUp': '1.0500', 'multiplierDecimal': '4', 'filterType': 'PERCENT_PRICE'}]","['LIMIT', 'MARKET', 'STOP', 'STOP_MARKET', 'TAKE_PROFIT', 'TAKE_PROFIT_MARKET', 'TRAILING_STOP_MARKET']","['GTC', 'IOC', 'FOK', 'GTX']",0.015000,0.05
XMRUSD_PERP,XMRUSD,PERPETUAL,4133404800000,1650438000000,TRADING,10,XMR,2.5000,5.0000,XMR,USD,2,0,8,8,4,10000,0.0500,COIN,['Privacy'],"[{'minPrice': '0.01', 'maxPrice': '50000', 'filterType': 'PRICE_FILTER', 'tickSize': '0.01'}, {'stepSize': '1', 'filterType': 'LOT_SIZE', 'maxQty': '100000', 'minQty': '1'}, {'stepSize': '1', 'filterType': 'MARKET_LOT_SIZE', 'maxQty': '300', 'minQty': '1'}, {'limit': 200, 'filterType': 'MAX_NUM_ORDERS'}, {'limit': 20, 'filterType': 'MAX_NUM_ALGO_ORDERS'}, {'multiplierDown': '0.9500', 'multiplierUp': '1.0500', 'multiplierDecimal': '4', 'filterType': 'PERCENT_PRICE'}]","['LIMIT', 'MARKET', 'STOP', 'STOP_MARKET', 'TAKE_PROFIT', 'TAKE_PROFIT_MARKET', 'TRAILING_STOP_MARKET']","['GTC', 'IOC', 'FOK', 'GTX']",0.010000,0.05
GMTUSD_PERP,GMTUSD,PERPETUAL,4133404800000,1650956400000,TRADING,10,GMT,2.5000,5.0000,GMT,USD,5,0,8,8,4,10000,0.0500,COIN,['NFT'],"[{'minPrice': '0.00100', 'maxPrice': '1000', 'filterType': 'PRICE_FILTER', 'tickSize': '0.00010'}, {'stepSize': '1', 'filterType': 'LOT_SIZE', 'maxQty': '100000', 'minQty': '1'}, {'stepSize': '1', 'filterType': 'MARKET_LOT_SIZE', 'maxQty': '5000', 'minQty': '1'}, {'limit': 200, 'filterType': 'MAX_NUM_ORDERS'}, {'limit': 20, 'filterType': 'MAX_NUM_ALGO_ORDERS'}, {'multiplierDown': '0.9500', 'multiplierUp': '1.0500', 'multiplierDecimal': '4', 'filterType': 'PERCENT_PRICE'}]","['LIMIT', 'MARKET', 'STOP', 'STOP_MARKET', 'TAKE_PROFIT', 'TAKE_PROFIT_MARKET', 'TRAILING_STOP_MARKET']","['GTC', 'IOC', 'FOK', 'GTX']",0.010000,0.05
OPUSD_PERP,OPUSD,PERPETUAL,4133404800000,1659078000000,TRADING,10,OP,2.5000,5.0000,OP,USD,6,0,8,8,4,10000,0.0500,COIN,['Layer-2'],"[{'minPrice': '0.000100', 'maxPrice': '1000', 'filterType': 'PRICE_FILTER', 'tickSize': '0.000100'}, {'stepSize': '1', 'filterType': 'LOT_SIZE', 'maxQty': '100000', 'minQty': '1'}, {'stepSize': '1', 'filterType': 'MARKET_LOT_SIZE', 'maxQty': '1000', 'minQty': '1'}, {'limit': 200, 'filterType': 'MAX_NUM_ORDERS'}, {'limit': 20, 'filterType': 'MAX_NUM_ALGO_ORDERS'}, {'multiplierDown': '0.9500', 'multiplierUp': '1.0500', 'multiplierDecimal': '4', 'filterType': 'PERCENT_PRICE'}]","['LIMIT', 'MARKET', 'STOP', 'STOP_MARKET', 'TAKE_PROFIT', 'TAKE_PROFIT_MARKET', 'TRAILING_STOP_MARKET']","['GTC', 'IOC', 'FOK', 'GTX']",0.010000,0.05
ENSUSD_PERP,ENSUSD,PERPETUAL,4133404800000,1659337200000,TRADING,10,ENS,2.5000,5.0000,ENS,USD,6,0,8,8,4,10000,0.0500,COIN,['Infrastructure'],"[{'minPrice': '0.001000', 'maxPrice': '2000', 'filterType': 'PRICE_FILTER', 'tickSize': '0.001000'}, {'stepSize': '1', 'filterType': 'LOT_SIZE', 'maxQty': '100000', 'minQty': '1'}, {'stepSize': '1', 'filterType': 'MARKET_LOT_SIZE', 'maxQty': '5000', 'minQty': '1'}, {'limit': 200, 'filterType': 'MAX_NUM_ORDERS'}, {'limit': 20, 'filterType': 'MAX_NUM_ALGO_ORDERS'}, {'multiplierDown': '0.9500', 'multiplierUp': '1.0500', 'multiplierDecimal': '4', 'filterType': 'PERCENT_PRICE'}]","['LIMIT', 'MARKET', 'STOP', 'STOP_MARKET', 'TAKE_PROFIT', 'TAKE_PROFIT_MARKET', 'TRAILING_STOP_MARKET']","['GTC', 'IOC', 'FOK', 'GTX']",0.010000,0.05
CHZUSD_PERP,CHZUSD,PERPETUAL,4133404800000,1660719600000,TRADING,10,CHZ,2.5000,5.0000,CHZ,USD,6,0,8,8,4,10000,0.0500,COIN,['Layer-1'],"[{'minPrice': '0.000100', 'maxPrice': '2000', 'filterType': 'PRICE_FILTER', 'tickSize': '0.000100'}, {'stepSize': '1', 'filterType': 'LOT_SIZE', 'maxQty': '100000', 'minQty': '1'}, {'stepSize': '1', 'filterType': 'MARKET_LOT_SIZE', 'maxQty': '5000', 'minQty': '1'}, {'limit': 200, 'filterType': 'MAX_NUM_ORDERS'}, {'limit': 20, 'filterType': 'MAX_NUM_ALGO_ORDERS'}, {'multiplierDown': '0.9500', 'multiplierUp': '1.0500', 'multiplierDecimal': '4', 'filterType': 'PERCENT_PRICE'}]","['LIMIT', 'MARKET', 'STOP', 'STOP_MARKET', 'TAKE_PROFIT', 'TAKE_PROFIT_MARKET', 'TRAILING_STOP_MARKET']","['GTC', 'IOC', 'FOK', 'GTX']",0.010000,0.05
APTUSD_PERP,APTUSD,PERPETUAL,4133404800000,1666594800000,TRADING,10,APT,2.5000,5.0000,APT,USD,6,0,8,8,4,10000,0.0500,COIN,['Layer-1'],"[{'minPrice': '0.001000', 'maxPrice': '2000', 'filterType': 'PRICE_FILTER', 'tickSize': '0.001000'}, {'stepSize': '1', 'filterType': 'LOT_SIZE', 'maxQty': '100000', 'minQty': '1'}, {'stepSize': '1', 'filterType': 'MARKET_LOT_SIZE', 'maxQty': '5000', 'minQty': '1'}, {'limit': 200, 'filterType': 'MAX_NUM_ORDERS'}, {'limit': 20, 'filterType': 'MAX_NUM_ALGO_ORDERS'}, {'multiplierDown': '0.9500', 'multiplierUp': '1.0500', 'multiplierDecimal': '4', 'filterType': 'PERCENT_PRICE'}]","['LIMIT', 'MARKET', 'STOP', 'STOP_MARKET', 'TAKE_PROFIT', 'TAKE_PROFIT_MARKET', 'TRAILING_STOP_MARKET']","['GTC', 'IOC', 'FOK', 'GTX']",0.015000,0.05
ADAUSD_230929,ADAUSD,CURRENT_QUARTER,1695974400000,1680249600000,TRADING,10,ADA,2.5000,5.0000,ADA,USD,5,0,8,8,4,10000,0.0500,COIN,[],"[{'minPrice': '0.01700', 'maxPrice': '205', 'filterType': 'PRICE_FILTER', 'tickSize': '0.00010'}, {'stepSize': '1', 'filterType': 'LOT_SIZE', 'maxQty': '1000000', 'minQty': '1'}, {'stepSize': '1', 'filterType': 'MARKET_LOT_SIZE', 'maxQty': '5000', 'minQty': '1'}, {'limit': 200, 'filterType': 'MAX_NUM_ORDERS'}, {'limit': 20, 'filterType': 'MAX_NUM_ALGO_ORDERS'}, {'multiplierDown': '0.9500', 'multiplierUp': '1.0500', 'multiplierDecimal': '4', 'filterType': 'PERCENT_PRICE'}]","['LIMIT', 'MARKET', 'STOP', 'STOP_MARKET', 'TAKE_PROFIT', 'TAKE_PROFIT_MARKET', 'TRAILING_STOP_MARKET']","['GTC', 'IOC', 'FOK', 'GTX']",0.010000,0.05
LINKUSD_230929,LINKUSD,CURRENT_QUARTER,1695974400000,1680249600000,TRADING,10,LINK,2.5000,5.0000,LINK,USD,3,0,8,8,4,10000,0.0500,COIN,[],"[{'minPrice': '0.500', 'maxPrice': '2737', 'filterType': 'PRICE_FILTER', 'tickSize': '0.001'}, {'stepSize': '1', 'filterType': 'LOT_SIZE', 'maxQty': '1000000', 'minQty': '1'}, {'stepSize': '1', 'filterType': 'MARKET_LOT_SIZE', 'maxQty': '5000', 'minQty': '1'}, {'limit': 200, 'filterType': 'MAX_NUM_ORDERS'}, {'limit': 20, 'filterType': 'MAX_NUM_ALGO_ORDERS'}, {'multiplierDown': '0.9500', 'multiplierUp': '1.0500', 'multiplierDecimal': '4', 'filterType': 'PERCENT_PRICE'}]","['LIMIT', 'MARKET', 'STOP', 'STOP_MARKET', 'TAKE_PROFIT', 'TAKE_PROFIT_MARKET', 'TRAILING_STOP_MARKET']","['GTC', 'IOC', 'FOK', 'GTX']",0.010000,0.05
BCHUSD_230929,BCHUSD,CURRENT_QUARTER,1695974400000,1680249600000,TRADING,10,BCH,2.5000,5.0000,BCH,USD,2,0,8,8,4,10000,0.0500,COIN,[],"[{'minPrice': '14.40', 'maxPrice': '66208', 'filterType': 'PRICE_FILTER', 'tickSize': '0.01'}, {'stepSize': '1', 'filterType': 'LOT_SIZE', 'maxQty': '1000000', 'minQty': '1'}, {'stepSize': '1', 'filterType': 'MARKET_LOT_SIZE', 'maxQty': '5000', 'minQty': '1'}, {'limit': 200, 'filterType': 'MAX_NUM_ORDERS'}, {'limit': 20, 'filterType': 'MAX_NUM_ALGO_ORDERS'}, {'multiplierDown': '0.9500', 'multiplierUp': '1.0500', 'multiplierDecimal': '4', 'filterType': 'PERCENT_PRICE'}]","['LIMIT', 'MARKET', 'STOP', 'STOP_MARKET', 'TAKE_PROFIT', 'TAKE_PROFIT_MARKET', 'TRAILING_STOP_MARKET']","['GTC', 'IOC', 'FOK', 'GTX']",0.010000,0.05
DOTUSD_230929,DOTUSD,CURRENT_QUARTER,1695974400000,1680249600000,TRADING,10,DOT,2.5000,5.0000,DOT,USD,3,0,8,8,4,10000,0.0500,COIN,[],"[{'minPrice': '0.400', 'maxPrice': '3000', 'filterType': 'PRICE_FILTER', 'tickSize': '0.001'}, {'stepSize': '1', 'filterType': 'LOT_SIZE', 'maxQty': '1000000', 'minQty': '1'}, {'stepSize': '1', 'filterType': 'MARKET_LOT_SIZE', 'maxQty': '5000', 'minQty': '1'}, {'limit': 200, 'filterType': 'MAX_NUM_ORDERS'}, {'limit': 20, 'filterType': 'MAX_NUM_ALGO_ORDERS'}, {'multiplierDown': '0.9500', 'multiplierUp': '1.0500', 'multiplierDecimal': '4', 'filterType': 'PERCENT_PRICE'}]","['LIMIT', 'MARKET', 'STOP', 'STOP_MARKET', 'TAKE_PROFIT', 'TAKE_PROFIT_MARKET', 'TRAILING_STOP_MARKET']","['GTC', 'IOC', 'FOK', 'GTX']",0.010000,0.05
XRPUSD_230929,XRPUSD,CURRENT_QUARTER,1695974400000,1680249600000,TRADING,10,XRP,2.5000,5.0000,XRP,USD,4,0,8,8,4,10000,0.0500,COIN,[],"[{'minPrice': '0.0150', 'maxPrice': '115', 'filterType': 'PRICE_FILTER', 'tickSize': '0.0001'}, {'stepSize': '1', 'filterType': 'LOT_SIZE', 'maxQty': '100000', 'minQty': '1'}, {'stepSize': '1', 'filterType': 'MARKET_LOT_SIZE', 'maxQty': '8000', 'minQty': '1'}, {'limit': 200, 'filterType': 'MAX_NUM_ORDERS'}, {'limit': 20, 'filterType': 'MAX_NUM_ALGO_ORDERS'}, {'multiplierDown': '0.9500', 'multiplierUp': '1.0500', 'multiplierDecimal': '4', 'filterType': 'PERCENT_PRICE'}]","['LIMIT', 'MARKET', 'STOP', 'STOP_MARKET', 'TAKE_PROFIT', 'TAKE_PROFIT_MARKET', 'TRAILING_STOP_MARKET']","['GTC', 'IOC', 'FOK', 'GTX']",0.010000,0.05
LTCUSD_230929,LTCUSD,CURRENT_QUARTER,1695974400000,1680249600000,TRADING,10,LTC,2.5000,5.0000,LTC,USD,2,0,8,8,4,10000,0.0500,COIN,[],"[{'minPrice': '3.80', 'maxPrice': '17562', 'filterType': 'PRICE_FILTER', 'tickSize': '0.01'}, {'stepSize': '1', 'filterType': 'LOT_SIZE', 'maxQty': '1000000', 'minQty': '1'}, {'stepSize': '1', 'filterType': 'MARKET_LOT_SIZE', 'maxQty': '5000', 'minQty': '1'}, {'limit': 200, 'filterType': 'MAX_NUM_ORDERS'}, {'limit': 20, 'filterType': 'MAX_NUM_ALGO_ORDERS'}, {'multiplierDown': '0.9500', 'multiplierUp': '1.0500', 'multiplierDecimal': '4', 'filterType': 'PERCENT_PRICE'}]","['LIMIT', 'MARKET', 'STOP', 'STOP_MARKET', 'TAKE_PROFIT', 'TAKE_PROFIT_MARKET', 'TRAILING_STOP_MARKET']","['GTC', 'IOC', 'FOK', 'GTX']",0.010000,0.05
BNBUSD_230929,BNBUSD,CURRENT_QUARTER,1695974400000,1680249600000,TRADING,10,BNB,2.5000,5.0000,BNB,USD,3,0,8,8,4,10000,0.0500,COIN,[],"[{'minPrice': '7', 'maxPrice': '41461', 'filterType': 'PRICE_FILTER', 'tickSize': '0.010'}, {'stepSize': '1', 'filterType': 'LOT_SIZE', 'maxQty': '1000000', 'minQty': '1'}, {'stepSize': '1', 'filterType': 'MARKET_LOT_SIZE', 'maxQty': '5000', 'minQty': '1'}, {'limit': 200, 'filterType': 'MAX_NUM_ORDERS'}, {'limit': 20, 'filterType': 'MAX_NUM_ALGO_ORDERS'}, {'multiplierDown': '0.9500', 'multiplierUp': '1.0500', 'multiplierDecimal': '4', 'filterType': 'PERCENT_PRICE'}]","['LIMIT', 'MARKET', 'STOP', 'STOP_MARKET', 'TAKE_PROFIT', 'TAKE_PROFIT_MARKET', 'TRAILING_STOP_MARKET']","['GTC', 'IOC', 'FOK', 'GTX']",0.010000,0.05
ADAUSD_231229,ADAUSD,NEXT_QUARTER,1703836800000,1688112000000,TRADING,10,ADA,2.5000,5.0000,ADA,USD,5,0,8,8,4,10000,0.0500,COIN,[],"[{'minPrice': '0.01700', 'maxPrice': '205', 'filterType': 'PRICE_FILTER', 'tickSize': '0.00010'}, {'stepSize': '1', 'filterType': 'LOT_SIZE', 'maxQty': '1000000', 'minQty': '1'}, {'stepSize': '1', 'filterType': 'MARKET_LOT_SIZE', 'maxQty': '5000', 'minQty': '1'}, {'limit': 200, 'filterType': 'MAX_NUM_ORDERS'}, {'limit': 20, 'filterType': 'MAX_NUM_ALGO_ORDERS'}, {'multiplierDown': '0.9500', 'multiplierUp': '1.0500', 'multiplierDecimal': '4', 'filterType': 'PERCENT_PRICE'}]","['LIMIT', 'MARKET', 'STOP', 'STOP_MARKET', 'TAKE_PROFIT', 'TAKE_PROFIT_MARKET', 'TRAILING_STOP_MARKET']","['GTC', 'IOC', 'FOK', 'GTX']",0.010000,0.05
LINKUSD_231229,LINKUSD,NEXT_QUARTER,1703836800000,1688112000000,TRADING,10,LINK,2.5000,5.0000,LINK,USD,3,0,8,8,4,10000,0.0500,COIN,[],"[{'minPrice': '0.500', 'maxPrice': '2737', 'filterType': 'PRICE_FILTER', 'tickSize': '0.001'}, {'stepSize': '1', 'filterType': 'LOT_SIZE', 'maxQty': '1000000', 'minQty': '1'}, {'stepSize': '1', 'filterType': 'MARKET_LOT_SIZE', 'maxQty': '5000', 'minQty': '1'}, {'limit': 200, 'filterType': 'MAX_NUM_ORDERS'}, {'limit': 20, 'filterType': 'MAX_NUM_ALGO_ORDERS'}, {'multiplierDown': '0.9500', 'multiplierUp': '1.0500', 'multiplierDecimal': '4', 'filterType': 'PERCENT_PRICE'}]","['LIMIT', 'MARKET', 'STOP', 'STOP_MARKET', 'TAKE_PROFIT', 'TAKE_PROFIT_MARKET', 'TRAILING_STOP_MARKET']","['GTC', 'IOC', 'FOK', 'GTX']",0.010000,0.05
BCHUSD_231229,BCHUSD,NEXT_QUARTER,1703836800000,1688112000000,TRADING,10,BCH,2.5000,5.0000,BCH,USD,2,0,8,8,4,10000,0.0500,COIN,[],"[{'minPrice': '14.40', 'maxPrice': '66208', 'filterType': 'PRICE_FILTER', 'tickSize': '0.01'}, {'stepSize': '1', 'filterType': 'LOT_SIZE', 'maxQty': '1000000', 'minQty': '1'}, {'stepSize': '1', 'filterType': 'MARKET_LOT_SIZE', 'maxQty': '5000', 'minQty': '1'}, {'limit': 200, 'filterType': 'MAX_NUM_ORDERS'}, {'limit': 20, 'filterType': 'MAX_NUM_ALGO_ORDERS'}, {'multiplierDown': '0.9500', 'multiplierUp': '1.0500', 'multiplierDecimal': '4', 'filterType': 'PERCENT_PRICE'}]","['LIMIT', 'MARKET', 'STOP', 'STOP_MARKET', 'TAKE_PROFIT', 'TAKE_PROFIT_MARKET', 'TRAILING_STOP_MARKET']","['GTC', 'IOC', 'FOK', 'GTX']",0.010000,0.05
DOTUSD_231229,DOTUSD,NEXT_QUARTER,1703836800000,1688112000000,TRADING,10,DOT,2.5000,5.0000,DOT,USD,3,0,8,8,4,10000,0.0500,COIN,[],"[{'minPrice': '0.400', 'maxPrice': '3000', 'filterType': 'PRICE_FILTER', 'tickSize': '0.001'}, {'stepSize': '1', 'filterType': 'LOT_SIZE', 'maxQty': '1000000', 'minQty': '1'}, {'stepSize': '1', 'filterType': 'MARKET_LOT_SIZE', 'maxQty': '5000', 'minQty': '1'}, {'limit': 200, 'filterType': 'MAX_NUM_ORDERS'}, {'limit': 20, 'filterType': 'MAX_NUM_ALGO_ORDERS'}, {'multiplierDown': '0.9500', 'multiplierUp': '1.0500', 'multiplierDecimal': '4', 'filterType': 'PERCENT_PRICE'}]","['LIMIT', 'MARKET', 'STOP', 'STOP_MARKET', 'TAKE_PROFIT', 'TAKE_PROFIT_MARKET', 'TRAILING_STOP_MARKET']","['GTC', 'IOC', 'FOK', 'GTX']",0.010000,0.05
XRPUSD_231229,XRPUSD,NEXT_QUARTER,1703836800000,1688112000000,TRADING,10,XRP,2.5000,5.0000,XRP,USD,4,0,8,8,4,10000,0.0500,COIN,[],"[{'minPrice': '0.0150', 'maxPrice': '115', 'filterType': 'PRICE_FILTER', 'tickSize': '0.0001'}, {'stepSize': '1', 'filterType': 'LOT_SIZE', 'maxQty': '100000', 'minQty': '1'}, {'stepSize': '1', 'filterType': 'MARKET_LOT_SIZE', 'maxQty': '2000', 'minQty': '1'}, {'limit': 200, 'filterType': 'MAX_NUM_ORDERS'}, {'limit': 20, 'filterType': 'MAX_NUM_ALGO_ORDERS'}, {'multiplierDown': '0.9500', 'multiplierUp': '1.0500', 'multiplierDecimal': '4', 'filterType': 'PERCENT_PRICE'}]","['LIMIT', 'MARKET', 'STOP', 'STOP_MARKET', 'TAKE_PROFIT', 'TAKE_PROFIT_MARKET', 'TRAILING_STOP_MARKET']","['GTC', 'IOC', 'FOK', 'GTX']",0.010000,0.05
LTCUSD_231229,LTCUSD,NEXT_QUARTER,1703836800000,1688112000000,TRADING,10,LTC,2.5000,5.0000,LTC,USD,2,0,8,8,4,10000,0.0500,COIN,[],"[{'minPrice': '3.80', 'maxPrice': '17562', 'filterType': 'PRICE_FILTER', 'tickSize': '0.01'}, {'stepSize': '1', 'filterType': 'LOT_SIZE', 'maxQty': '1000000', 'minQty': '1'}, {'stepSize': '1', 'filterType': 'MARKET_LOT_SIZE', 'maxQty': '5000', 'minQty': '1'}, {'limit': 200, 'filterType': 'MAX_NUM_ORDERS'}, {'limit': 20, 'filterType': 'MAX_NUM_ALGO_ORDERS'}, {'multiplierDown': '0.9500', 'multiplierUp': '1.0500', 'multiplierDecimal': '4', 'filterType': 'PERCENT_PRICE'}]","['LIMIT', 'MARKET', 'STOP', 'STOP_MARKET', 'TAKE_PROFIT', 'TAKE_PROFIT_MARKET', 'TRAILING_STOP_MARKET']","['GTC', 'IOC', 'FOK', 'GTX']",0.010000,0.05
BNBUSD_231229,BNBUSD,NEXT_QUARTER,1703836800000,1688112000000,TRADING,10,BNB,2.5000,5.0000,BNB,USD,3,0,8,8,4,10000,0.0500,COIN,[],"[{'minPrice': '7', 'maxPrice': '41461', 'filterType': 'PRICE_FILTER', 'tickSize': '0.010'}, {'stepSize': '1', 'filterType': 'LOT_SIZE', 'maxQty': '1000000', 'minQty': '1'}, {'stepSize': '1', 'filterType': 'MARKET_LOT_SIZE', 'maxQty': '5000', 'minQty': '1'}, {'limit': 200, 'filterType': 'MAX_NUM_ORDERS'}, {'limit': 20, 'filterType': 'MAX_NUM_ALGO_ORDERS'}, {'multiplierDown': '0.9500', 'multiplierUp': '1.0500', 'multiplierDecimal': '4', 'filterType': 'PERCENT_PRICE'}]","['LIMIT', 'MARKET', 'STOP', 'STOP_MARKET', 'TAKE_PROFIT', 'TAKE_PROFIT_MARKET', 'TRAILING_STOP_MARKET']","['GTC', 'IOC', 'FOK', 'GTX']",0.010000,0.05
